{"version":1,"colourPoints":[{"dataValue":0.6285713911056519,"colourValue":{"r":0.0,"g":0.0,"b":0.0,"a":1.0}},{"dataValue":0.7035713791847229,"colourValue":{"r":1.0,"g":1.0,"b":1.0,"a":1.0}}],"alphaPoints":[{"dataValue":0.6285714507102966,"alphaValue":0.0},{"dataValue":0.7035714387893677,"alphaValue":1.0}]}